ref_odoo;libelle;code_barre;categorie;prix_achat
AGENDA JNR;AGJNR;;PLV;
AL ZAMAN - ARABIC QUEEN;ALZ005;;CHICHAS - GOUTS;
AL ZAMAN - HAWAII ISLAND;ALZ002;;CHICHAS - GOUTS;
AL ZAMAN - ICE GRAPE;ALZ006;;CHICHAS - GOUTS;
AL ZAMAN - NANA;ALZ003;;CHICHAS - GOUTS;
AL ZAMAN - PINK LADY;ALZ004;;CHICHAS - GOUTS;
AL ZAMAN - ROUTE 66;ALZ001;;CHICHAS - GOUTS;
AL ZAMAN - WATERMELON ICE;ALZ007;;CHICHAS - GOUTS;
ALL STAR WEED ALIEN KUSH 3G;ALL002;;CBD - ALL STAR WEED;
ALL STAR WEED WHITE WIDOW 3G;ALL004;;CBD - ALL STAR WEED;
ALL STAR WEED ZUSHI 3G;ALL005;;CBD - ALL STAR WEED;
ALLUME CHARBON A GAZ;C001;;CHICHA / ACCESSOIRES;
ALLUME CHARBON DUM 1000W;C002;;CHICHA / ACCESSOIRES;
ALLUME CHARBON DUM DOUBLE;C0040;;CHICHA / ACCESSOIRES;
BALANCE AMSTERDAM;BAL001;;ACCESSOIRES FUMEURS;
BALANCE OR / RAINBOW;BAL002;;ACCESSOIRES FUMEURS;
BALANCE RASTA / PINK / BLUE;BAL000;;ACCESSOIRES FUMEURS;
BALANCE SYNDICATE;BAL006;;ACCESSOIRES FUMEURS;
BANG ACRY COLOR LEAF 20CM;A013;;ACCESSOIRES FUMEURS;
BANG ACRY WHITE / GREEN;A015;;ACCESSOIRES FUMEURS;
BATTERIE WPUFF FUSION 30K;B006;;VAPES - LIQUIDEO;
BIC J25 MINI X50;BIC002;;BRIQUETS - BIC;
BIC J26 X50;BIC001;;BRIQUETS - BIC;
BILLE MENTHE GLACIALE;BI001;;BILLES;
BILLE MENTHE VERTE;BI002;;BILLES;
BLUNT BLUE / RAISIN;BL002;;FEUILLES - BLUNT JUICY;
BLUNT DISPLAY / BLUE / RAISIN;BL008;;FEUILLES - BLUNT JUICY;
BLUNT DISPLAY / MANIC / CHANVRE;BL012;;FEUILLES - BLUNT JUICY;
BLUNT DISPLAY / ORIGINAL / NATURE;BL010;;FEUILLES - BLUNT JUICY;
BLUNT DISPLAY / PURPLE / MYRTILLE;BL009;;FEUILLES - BLUNT JUICY;
BLUNT DISPLAY / RED / FRAISE;BL007;;FEUILLES - BLUNT JUICY;
BLUNT DISPLAY / TROPICAL;BL011;;FEUILLES - BLUNT JUICY;
BLUNT MANIC / CHANVRE;BL006;;FEUILLES - BLUNT JUICY;
BLUNT ORINGINAL / NATURE;BL005;;FEUILLES - BLUNT JUICY;
BLUNT PURPLE / MYRTILLE;BL003;;FEUILLES - BLUNT JUICY;
BLUNT RED / FRAISE;BL001;;FEUILLES - BLUNT JUICY;
BLUNT TROPICAL;BL004;;FEUILLES - BLUNT JUICY;
BOBINES THERMIQUES POUR CAISSE X100 - 55G - 57X50X12MM;BOB002;;FOURNITURES BUREAU;
BOBINES THERMIQUES POUR CAISSES X50 - 55G - 80X80X12MM;BOB003;;FOURNITURES BUREAU;
BOBINES THERMIQUES POUR TPE X100 - 55G - 57X40X12MM;BOB001;;FOURNITURES BUREAU;
BOISSON ENERGISANTE - THE BULLDOG X24;BUL001;;BOISSONS;
BOOSTER BLEU LIQUIDEO OFFERT;;;ELIQUIDES - LIQUIDEO;
BOOSTER NOIR LIQUIDEO 10ML;BOOST001;;ELIQUIDES - LIQUIDEO;
BRIQUET ADAMO X50/211002;B201;;BRIQUETS - GAZ;
BRIQUET ALLUME-BOUGIE CAPRI SMILEY X25/327042;B202;;BRIQUETS - GAZ;
BRIQUET ALLUME-BOUGIE MONACO BLACK AND WHITE X25/347104;B204;;BRIQUETS - GAZ;
BRIQUET ALLUME-BOUGIE MONACO SMILEY X25/347064;B203;;BRIQUETS - GAZ;
BRIQUET ANGEL X20;BRI0050;;BRIQUETS - LAZER;
BRIQUET ANGEL X25;BRI0017;;BRIQUETS - LAZER;
BRIQUET CALAVERAS X 50;B033;;BRIQUETS - GAZ;
BRIQUET CHALUMEAU FIRELIGHT;B012;;BRIQUETS - LAZER;
BRIQUET ELECTRONIQUE CANA 2 X 50;B100;;BRIQUETS - GAZ;
BRIQUET ELECTRONIQUE CANA 420 X 50;B101;;BRIQUETS - GAZ;
BRIQUET ELECTRONIQUE LUX LEAF SMILE X50;B042;;BRIQUETS - GAZ;
BRIQUET ELECTRONIQUE MATTEO METAL CASE GOLD LEAF X25/184108;B0047;;BRIQUETS - GAZ;
BRIQUET ELECTRONIQUE X50;B021;;BRIQUETS - GAZ;
BRIQUET FLAMME ROUGE LUX LIPS X50;B041;;BRIQUETS - GAZ;
BRIQUET LEAF GOLD X50;BRI0020;;BRIQUETS - LAZER;
BRIQUET LED / UNILITE X 50;B028;;BRIQUETS - GAZ;
BRIQUET LUX METALLIC X50;BRI008;;BRIQUETS - GAZ;
BRIQUET MAXI SLIM X 50;B027;;BRIQUETS - GAZ;
BRIQUET NASS BASIC X 50;B029;;BRIQUETS - GAZ;
BRIQUET PIERRE X 50;B026;;BRIQUETS - GAZ;
BRIQUET PIERRE X10;BRI001;;BRIQUETS - GAZ;
BRIQUET PIERRE X5;BRI002;;BRIQUETS - GAZ;
BRIQUET TAKE IT X50;BRI0022;;BRIQUETS - GAZ;
BRIQUET TEMPETE AMSTERDAM;B004;;BRIQUETS - LAZER;
BRIQUET TEMPETE AMSTERDAM LEAF GREEN;B0103;;BRIQUETS - LAZER;
BRIQUET TEMPETE AMSTERDAM LEAF PEARL;B0104;;BRIQUETS - GAZ;
BRIQUET TEMPETE AMSTERDAM RAINBOW;B007;;BRIQUETS - LAZER;
BRIQUET TEMPETE BULLDOG OR;B006;;BRIQUETS - GAZ;
BRIQUET TEMPETE CHAMPI RAINBOW;B00101;;BRIQUETS - LAZER;
BRIQUET TORCH LEAF;B014;;BRIQUETS - LAZER;
BRIQUET TURBO 3D LEAF X20;BRI300;;BRIQUETS - LAZER;
BRIQUET TURBO ADAMO CAT X50/177918;B0027;;BRIQUETS - LAZER;
BRIQUET TURBO ADAMO COLORFUL LEAF X50/177380;B0045;;BRIQUETS - LAZER;
BRIQUET TURBO ADAMO DESIGN WEED X50/177401;B306;;BRIQUETS - LAZER;
BRIQUET TURBO ADAMO FEUILLES DOREES X50/177363;B211;;BRIQUETS - LAZER;
BRIQUET TURBO ADAMO LABEL LEAF X50/177376;B0049;;BRIQUETS - LAZER;
BRIQUET TURBO ADAMO SMILEY GRAFFITI X50/177386;B0046;;BRIQUETS - LAZER;
BRIQUET TURBO ADAMO TETE DE MORT X50/177350;B210;;BRIQUETS - LAZER;
BRIQUET TURBO ADAMO WHISKY X50/177377;B212;;BRIQUETS - LAZER;
BRIQUET TURBO MATTEO ARGENT X50/121052;B301;;BRIQUETS - LAZER;
BRIQUET TURBO MATTEO BITCOIN X25/173711;B0054;;BRIQUETS - LAZER;
BRIQUET TURBO MATTEO CALIFORNIA LEATHER X25/197800;B317;;BRIQUETS - LAZER;
BRIQUET TURBO MATTEO CALIFORNIA WEED SKULL X25/197801;B318;;BRIQUETS - LAZER;
BRIQUET TURBO MATTEO CHAMPAGNE X50/121021;B206;;BRIQUETS - LAZER;
BRIQUET TURBO MATTEO COFFEE X25/173720;B0051;;BRIQUETS - LAZER;
BRIQUET TURBO MATTEO CRANES DORES X50/170057;B302;;BRIQUETS - LAZER;
BRIQUET TURBO MATTEO GOLD WEED X50/121031;B208;;BRIQUETS - LAZER;
BRIQUET TURBO MATTEO HUNTING X25/173709;B0053;;BRIQUETS - LAZER;
BRIQUET TURBO MATTEO IOWA GOLD X25/197500;B315;;BRIQUETS - LAZER;
BRIQUET TURBO MATTEO IOWA POKER X25/197502;B316;;BRIQUETS - LAZER;
BRIQUET TURBO MATTEO LEAF RASTA CANNABIS X25/173717;B0050;;BRIQUETS - LAZER;
BRIQUET TURBO MATTEO MONEY X25/173500;B0028;;BRIQUETS - LAZER;
BRIQUET TURBO MATTEO REGGAE X50/121034;B300;;BRIQUETS - LAZER;
BRIQUET TURBO MATTEO RUBBER ARGENT X50/178259;B307;;BRIQUETS - LAZER;
BRIQUET TURBO MATTEO RUBBER CANNABIS X20/197100;B312;;BRIQUETS - LAZER;
BRIQUET TURBO MATTEO RUBBER LAS VEGAS X25/197302 OU 197307;B314;;BRIQUETS - LAZER;
BRIQUET TURBO MATTEO RUBBER NASHVILLE X25/197202;B313;;BRIQUETS - LAZER;
BRIQUET TURBO MATTEO RUBBER WEED X50/175118;B305;;BRIQUETS - LAZER;
BRIQUET TURBO MATTEO RUBBER WEED X50/178252;B204;;BRIQUETS - LAZER;
BRIQUET TURBO MATTEO RUBBER WEED X50/178261;B308;;BRIQUETS - LAZER;
BRIQUET TURBO MATTEO RUBBER WHISKY X50/178262;B309;;BRIQUETS - LAZER;
BRIQUET TURBO MATTEO SINGE X50/178233;B213;;BRIQUETS - LAZER;
BRIQUET TURBO MATTEO TOUCHABLE GOLD WEED X25/173728;B304;;BRIQUETS - LAZER;
BRIQUET TURBO MATTEO TOUCHABLE WEED X25/173701;B303;;BRIQUETS - LAZER;
BRIQUET TURBO MATTEO TROPICAL X25/173724;B0052;;BRIQUETS - LAZER;
BRIQUET TURBO MATTEO WEED X50/170059;B209;;BRIQUETS - LAZER;
BRIQUET TURBO MATTEO WHISKY X50/178226;B205;;BRIQUETS - LAZER;
BRIQUET XOXO X50;BRI0021;;BRIQUETS - GAZ;
BRIQUET ZORR BLACK SOFT X50;B015;;BRIQUETS - GAZ;
CÂBLE CHARGE LUMINEUX 3 EN 1 - COULEURS MIXTES;C010;;MULTIMEDIA;
CASQUETTE JNR;GOO003;;PLV;
CDBZ AMNESIA 3G;G030;;CBD - CDBZ;
CDBZ GORILLA GLUE 3G;G031;;CBD - CDBZ;
CDBZ OG KUSH 3G;G032;;CBD - CDBZ;
CDBZ PURPLE HAZE 3G;G033;;CBD - CDBZ;
CENDRIER DE VOITURE BUCKET PHOSPHORESCENT;;;ACCESSOIRES FUMEURS;
CENDRIER EN VERRE SYNDICATE 420;CRE005;;ACCESSOIRES FUMEURS;
CENDRIER EN VERRE SYNDICATE HC2;CRE004;;ACCESSOIRES FUMEURS;
CENDRIER JAMAICA CARRE VERT/VJR;CRE006;;ACCESSOIRES FUMEURS;
CENDRIER METAL AMSTERDAM;C0011;;ACCESSOIRES FUMEURS;
CENDRIER METAL DESIGN MIXTE;C005;;ACCESSOIRES FUMEURS;
CENDRIER METAL RAW;C004;;ACCESSOIRES FUMEURS;
CENDRIER POUSSOIR LEAF;C0070;;ACCESSOIRES FUMEURS;
CENDRIER POUSSOIR ORNETT;C007;;ACCESSOIRES FUMEURS;
CENDRIER POUSSOIR STRASS;C008;;ACCESSOIRES FUMEURS;
CENDRIER RESINE THC;CRE002;;ACCESSOIRES FUMEURS;
CENDRIER TETE DE MORT;CRE003;;ACCESSOIRES FUMEURS;
CHARBON CIRSKULL POCKET;CH003;;CHARBONS;
CHARBON CIRSKULL POCKET CARTON 10KG;CH0040;;CHARBONS;
CHARBON COCOCHA COCOMINI;CH0041;;CHARBONS;
CHARBON COCOINA 1KG;CH0030;;CHARBONS;
CHARBON COCOINA 20KG;CH0031;;CHARBONS;
CHARBON SKULL 1Kg;CH0020;;CHARBONS;
CHARBON SKULL CARTON 10KG;CH002;;CHARBONS;
CHARBON SKULL CUBE 1KG;CH004;;CHARBONS;
CHARBON SKULL CUBE CARTON 20KG;CH0032;;CHARBONS;
COFFRET BANG - PIPE - GRINDER;P031;;ACCESSOIRES FUMEURS;
COFFRET BANG EN VERRE;A005;;ACCESSOIRES FUMEURS;
COFFRET BANG EN VERRE MICRO CLEAR;A006;;ACCESSOIRES FUMEURS;
COFFRET BRIQUET ESSENCE CASINO X4/A24506;B320;;BRIQUETS - ESSENCE;
COFFRET BRIQUET ESSENCE CRAZY WEED X12/A260062;B322;;BRIQUETS - ESSENCE;
COFFRET BRIQUET ESSENCE HEMP LEAF X4/A245470;B320;;BRIQUETS - ESSENCE;
COFFRET BRIQUET ESSENCE HEMP X4/A245500;B321;;BRIQUETS - ESSENCE;
COFFRET BRIQUET ESSENCE LEAF X4;B005;;BRIQUETS - ESSENCE;
COFFRET BRIQUET ESSENCE POKER X4/A245050;B007;;BRIQUETS - ESSENCE;
COFFRET CHICHA SKULL;N001;;CHICHA / ACCESSOIRES;
COFFRET CHICHA SKULL DIAMOND;N002;;CHICHA / ACCESSOIRES;
COFFRET MATTEO ARGENT ETUI + BRIQUET;COF002;;COFFRETS ETUI + BRIQUET;
COFFRET MATTEO BLEU ETUI + BRIQUET/90361;COF005;;COFFRETS ETUI + BRIQUET;
COFFRET MATTEO OR ETUI + BRIQUET;COF003;;COFFRETS ETUI + BRIQUET;
COFFRET MATTEO ROUGE ETUI + BRIQUET/90358;COF001;;COFFRETS ETUI + BRIQUET;
COFFRET MATTEO VERT ETUI + BRIQUET/90360;COF004;;COFFRETS ETUI + BRIQUET;
COFFRET SUPER HEROES VERT/BLEU;P032;;ACCESSOIRES FUMEURS;
COUTEAU 3D GRIP - ARMY/8551;CTXX010;;COUTEAUX;
COUTEAU 3D GRIP - MOTARD/8556;CTXX012;;COUTEAUX;
COUTEAU 3D GRIP - SWAT/8552;CTXX011;;COUTEAUX;
COUTEAU A LAME FIXE TECK/3014;CTX001;;COUTEAUX;
COUTEAU BAROQUE 10CM - BOIS MARRON/4141;CTXX001;;COUTEAUX;
COUTEAU BAROQUE 10CM - BOIS ZEBRE/4142;CTXX002;;COUTEAUX;
COUTEAU BAROQUE 10CM - BURL/4145;CTXX003;;COUTEAUX;
COUTEAU BAROQUE 11.5CM - BOIS MARRON/4181;CTXX008;;COUTEAUX;
COUTEAU BAROQUE 11.5CM - BOIS ZEBRE/4182;CTXX009;;COUTEAUX;
COUTEAU BAROQUE 12CM - BOIS BLEU/4164;CTXX006;;COUTEAUX;
COUTEAU BAROQUE 12CM - BOIS MARRON/4161;CTXX004;;COUTEAUX;
COUTEAU BAROQUE 12CM - BOIS ZEBRE/4162;CTXX005;;COUTEAUX;
COUTEAU BAROQUE 12CM - BURL/4165;CTXX007;;COUTEAUX;
COUTEAU BERGER BOIS FONCE/8009;CTX011111;;COUTEAUX;
COUTEAU BERGER CANARD/8007;CTX011;;COUTEAUX;
COUTEAU BERGER CERF/8006;CTX0111;;COUTEAUX;
COUTEAU BERGER SANGLIER/8008;CTX01111;;COUTEAUX;
COUTEAU DE SECURITE SKULL/8531;CTX0301;;COUTEAUX;
COUTEAU DE SECURITE SWAT/8515;CTX030;;COUTEAUX;
COUTEAU EASYGRIP 11CM TECK/7016;CTX010;;COUTEAUX;
COUTEAU KIRI LAITON;COUT001;;COUTEAUX;
COUTEAU PAPILLON;COUT002;;COUTEAUX;
COUTEAU PAPILLON CHROME V2/3660;CTX002;;COUTEAUX;
COUTEAU PAPILLON DORE/8535;CTX014;;COUTEAUX;
COUTEAU PAPILLON GRIS/8536;CTX016;;COUTEAUX;
COUTEAU PAPILLON MULTI/8534;CTX013;;COUTEAUX;
COUTEAU PAPILLON NOIR BASIC/8532;CTX012;;COUTEAUX;
COUTEAU PAPILLON NOIR V2/3662;CTX003;;COUTEAUX;
COUTEAU PAPILLON NOIR/8537;CTX015;;COUTEAUX;
COUTEAU TECK/9706;CTX017;;COUTEAUX;
DEFECTUEUX;;;;
DEFECTUEUX fusion v2;;;;
DEFECTUEUX POD 1600;;;;
DESPE JAUNE 50CL;BOIS002;;BOISSONS;
DESPERADOS RED 50CL;BOIS003;;BOISSONS;
DREAM COMPANY - GORILLA GLUE;0018;;CBD - DREAM COMPANY;
ESSENCE ANGEL 133ML;AC00050;;GAZ / ESSENCE;
ETUI A CIGARETTE DECAPSULEUR X8;ETU002;;ACCESSOIRES FUMEURS;
ETUI A CIGARETTE MATTEO LEAF X8;ETU001;;ACCESSOIRES FUMEURS;
ETUI A CIGARETTE METAL RELIEF X12;ETU003;;ACCESSOIRES FUMEURS;
ETUI A CIGARETTE METAL X12;ETU004;;ACCESSOIRES FUMEURS;
ETUI RAW CASE THREE TREE DISPLAY DE 12;A001;;ACCESSOIRES FUMEURS;
FEUILLE RAW X25;R001;;FEUILLES / FILTRES - RAW;
FEUILLE SLIM RAW + CARTON X24;R003;;FEUILLES / FILTRES - RAW;
FEUILLE SLIM RAW X50;R002;;FEUILLES / FILTRES - RAW;
FILTRE SLIM ANGEL 6MM X34/A12014;B319;;BRIQUETS - GAZ;
FOYER SILICONE;AC;;CHICHA / ACCESSOIRES;
GAZ CLIPPER 300ML X12;GAZ001;;GAZ / ESSENCE;
GAZ NEWPORT 250ML X12;AC0002;;GAZ / ESSENCE;
GOLDEN WEEDS 3X FILTRE 5G;G009;;CBD - GOLDEN WEED;
GOLDEN WEEDS AFGHAN 5G;G010;;CBD - GOLDEN WEED;
GOLDEN WEEDS AK47 10G;G011;;CBD - GOLDEN WEED;
GOLDEN WEEDS AMNESIA SMALL 10G;G007;;CBD - GOLDEN WEED;
GOLDEN WEEDS AMNESIA SMALL 25G;G008;;CBD - GOLDEN WEED;
GOLDEN WEEDS GORILLA GLUE 3G + 2G OFFERTS;G013;;CBD - GOLDEN WEED;
GOLDEN WEEDS JACK HERER 3G + 2G OFFERTS;G014;;CBD - GOLDEN WEED;
GOLDEN WEEDS SKUNK 10G;G012;;CBD - GOLDEN WEED;
GOLDEN WEEDS TUTTI FRUITTI 3G + 2G OFFERTS;G016;;CBD - GOLDEN WEED;
GOLDEN WEEDS WHITE WIDOW 3G + 2G OFFERTS;G015;;CBD - GOLDEN WEED;
GREEN CRACK BOX;BOX005;;CBD - SEVEN WEED;
GRINDER ANTIQUE X12;G020;;ACCESSOIRES FUMEURS;
GRINDER GOLD BAR 50MM X6;G017;;ACCESSOIRES FUMEURS;
GRINDER MUNITION;G019;;ACCESSOIRES FUMEURS;
GRINDER ORNETT BLEU X12;ROL014;;ACCESSOIRES FUMEURS;
GRINDER ORNETT TRANSPARENT X12;ROL012;;ACCESSOIRES FUMEURS;
GRINDER RAINBOW X6;G018;;ACCESSOIRES FUMEURS;
HEINEKEN 50CL;BOIS005;;BOISSONS;
ICE FRUTZ SAVEURS MIXTES;ICE000;;CHICHAS - GOUTS;
JACK HERER;0008;;CBD - DREAM COMPANY;
JET TORCH MATTEO GOLD AND BLACK WEED X12/196034;B311;;BRIQUETS - LAZER;
JET TORCH MATTEO GOLD WEED X12/196030;B310;;BRIQUETS - LAZER;
JEU DE CARTES RAW NOIR;J001;;JEUX - CARTES / DOMINOS;
JEU DE DOMINO RAW;J002;;JEUX - CARTES / DOMINOS;
JEUX DE CARTES X32 - DISPLAY X12;CAR003;;JEUX - CARTES / DOMINOS;
JEUX DE CARTES X32 - LOT X10;CAR001;;JEUX - CARTES / DOMINOS;
JEUX DE CARTES X54 - DISPLAY X18;CAR004;;JEUX - CARTES / DOMINOS;
JEUX DE CARTES X54 - LOT X10;CAR002;;JEUX - CARTES / DOMINOS;
JNR ELIQUIDE 10ML - BLACK DRAGON ICE;ELI001;;ELIQUIDES - JNR;
JNR ELIQUIDE 10ML - BLACK ICE;ELI026;;ELIQUIDES - JNR;
JNR ELIQUIDE 10ML - BLACKBERRY RED RASPBERRY;ELI002;;ELIQUIDES - JNR;
JNR ELIQUIDE 10ML - BLUE RAZZ CHERRY;ELI020;;ELIQUIDES - JNR;
JNR ELIQUIDE 10ML - BLUE RAZZ ICE;ELI031;;ELIQUIDES - JNR;
JNR ELIQUIDE 10ML - BLUEBERRY POMEGRANATE ICE;ELI003;;ELIQUIDES - JNR;
JNR ELIQUIDE 10ML - BLUEBERRY RASPBERRY CHERRY;ELI004;;ELIQUIDES - JNR;
JNR ELIQUIDE 10ML - BLUEBERRY RED RASPBERRY;ELI025;;ELIQUIDES - JNR;
JNR ELIQUIDE 10ML - BLUEBERRY SOUR RASPBERRY;ELI005;;ELIQUIDES - JNR;
JNR ELIQUIDE 10ML - CHERRY BERRY;ELI027;;ELIQUIDES - JNR;
JNR ELIQUIDE 10ML - CHERRY ICE;ELI006;;ELIQUIDES - JNR;
JNR ELIQUIDE 10ML - CHERRY WATERMELON FREEZE;ELI007;;ELIQUIDES - JNR;
JNR ELIQUIDE 10ML - FIZZY CHERRY COLA;ELI016;;ELIQUIDES - JNR;
JNR ELIQUIDE 10ML - GREEN APPLE PEACH;ELI019;;ELIQUIDES - JNR;
JNR ELIQUIDE 10ML - LADY KILLA;ELI029;;ELIQUIDES - JNR;
JNR ELIQUIDE 10ML - LOVE66;ELI017;;ELIQUIDES - JNR;
JNR ELIQUIDE 10ML - MANGO PASSION FRUIT;ELI008;;ELIQUIDES - JNR;
JNR ELIQUIDE 10ML - MIXED BERRIES;ELI009;;ELIQUIDES - JNR;
JNR ELIQUIDE 10ML - NEW BLUE CHERRY CRANBERRY;ELI018;;ELIQUIDES - JNR;
JNR ELIQUIDE 10ML - PASSION FRUIT KIWI;ELI021;;ELIQUIDES - JNR;
JNR ELIQUIDE 10ML - PEACH BERRY;ELI010;;ELIQUIDES - JNR;
JNR ELIQUIDE 10ML - PEACH MANGO PINEAPPLE;ELI034;;ELIQUIDES - JNR;
JNR ELIQUIDE 10ML - STRAWBERRY BULL;ELI032;;ELIQUIDES - JNR;
JNR ELIQUIDE 10ML - STRAWBERRY ICE;ELI023;;ELIQUIDES - JNR;
JNR ELIQUIDE 10ML - STRAWBERRY KIWI;ELI011;;ELIQUIDES - JNR;
JNR ELIQUIDE 10ML - STRAWBERRY RASPBERRY ICE;ELI028;;ELIQUIDES - JNR;
JNR ELIQUIDE 10ML - STRAWBERRY WATERMELON ICE;ELI012;;ELIQUIDES - JNR;
JNR ELIQUIDE 10ML - SUMMER HOLIDAY;ELI022;;ELIQUIDES - JNR;
JNR ELIQUIDE 10ML - SUMMER PEACH ICE;ELI024;;ELIQUIDES - JNR;
JNR ELIQUIDE 10ML - WATERMELON BUBBLE;ELI013;;ELIQUIDES - JNR;
JNR ELIQUIDE 10ML - WATERMELON ICE;ELI014;;ELIQUIDES - JNR;
JNR ELIQUIDE 10ML - WATERMELON LYCHEE;ELI030;;ELIQUIDES - JNR;
JNR ELIQUIDE 10ML - WATERMELON MANGO PEACH;ELI015;;ELIQUIDES - JNR;
JNR ELIQUIDE 10ML - WILD BERRY ICE;ELI033;;ELIQUIDES - JNR;
JNR FALCON GEM+ - 30K - BLACK DRAGON ICE - BY AJCV;GEM011;;VAPES - JNR;
JNR FALCON GEM+ - 30K - BLUEBERRY RASPBERRY CHERRY - BY AJCV;GEM013;;VAPES - JNR;
JNR FALCON GEM+ - 30K - BLUEBERRY SOUR RASPBERRY - BY AJCV;GEM010;;VAPES - JNR;
JNR FALCON GEM+ - 30K - CHERRY ICE - BY AJCV;GEM001;;VAPES - JNR;
JNR FALCON GEM+ - 30K - CHERRY WATERMELON FREEZE - BY AJCV;GEM012;;VAPES - JNR;
JNR FALCON GEM+ - 30K - MANGO PASSION FRUIT - BY AJCV;GEM014;;VAPES - JNR;
JNR FALCON GEM+ - 30K - MIX BERRIES - BY AJCV;GEM008;;VAPES - JNR;
JNR FALCON GEM+ - 30K - NEW BLUE CHERRY CRANBERRY - BY AJCV;GEM009;;VAPES - JNR;
JNR FALCON GEM+ - 30K - NEW PEACH ICE - BY AJCV;GEM003;;VAPES - JNR;
JNR FALCON GEM+ - 30K - NEW STRAWBERRY KIWI - BY AJCV;GEM005;;VAPES - JNR;
JNR FALCON GEM+ - 30K - NEW WATERMELON ICE - BY AJCV;GEM004;;VAPES - JNR;
JNR FALCON GEM+ - 30K - PEACH BERRY - BY AJCV;GEM016;;VAPES - JNR;
JNR FALCON GEM+ - 30K - STRAWBERRY ICE - BY AJCV;GEM002;;VAPES - JNR;
JNR FALCON GEM+ - 30K - STRAWBERRY WATERMELON ICE - BY AJCV;GEM007;;VAPES - JNR;
JNR FALCON GEM+ - 30K - SUMMER HOLIDAY - BY AJCV;GEM006;;VAPES - JNR;
JNR FALCON GEM+ - 30K - WATERMELON MANGO PEACH - BY AJCV;GEM015;;VAPES - JNR;
JNR FOX 10K KIT - ANANAS GLACE - BY AJCV;FOX100;;VAPES - JNR;
JNR FOX 10K KIT - CERISE PETILLANTE - BY AJCV;FOX007;;VAPES - JNR;
JNR FOX 10K KIT - FRAISE GLACEE - BY AJCV;FOX002;;VAPES - JNR;
JNR FOX 10K KIT - MENTHE FRAICHE - BY AJCV;FOX016;;VAPES - JNR;
JNR FOX 10K KIT - MYRTILLE FRAMBOISE ACIDULEE - BY AJCV;FOX018;;VAPES - JNR;
JNR FOX 10K KIT - MYRTILLE GLACEE - BY AJCV;FOX001;;VAPES - JNR;
JNR FOX 10K KIT - PASTEQUE FRAISE - BY AJCV;FOX018;;VAPES - JNR;
JNR FOX 10K KIT - PASTEQUE GLACEE - BY AJCV;FOX003;;VAPES - JNR;
JNR FOX 10K KIT - PECHE JUTEUSE - BY AJCV;FOX101;;VAPES - JNR;
JNR FOX 10K KIT - TRIPLE MANGUE - BY AJCV;FOX017;;VAPES - JNR;
JNR FOX 10K POD - ANANAS GLACE - BY AJCV;FOX200;;VAPES - JNR;
JNR FOX 10K POD - CERISE PETILLANTE - BY AJCV;FOX022;;VAPES - JNR;
JNR FOX 10K POD - FRAISE GLACEE - BY AJCV;FOX017;;VAPES - JNR;
JNR FOX 10K POD - MENTHE FRAICHE - BY AJCV;FOX031;;VAPES - JNR;
JNR FOX 10K POD - MYRTILLE FRAMBOISE ACIDULEE - BY AJCV;FOX034;;VAPES - JNR;
JNR FOX 10K POD - MYRTILLE GLACEE - BY AJCV;FOX016;;VAPES - JNR;
JNR FOX 10K POD - PASTEQUE FRAISE - BY AJCV;FOX033;;VAPES - JNR;
JNR FOX 10K POD - PASTEQUE GLACEE - BY AJCV;FOX018;;VAPES - JNR;
JNR FOX 10K POD - PECHE JUTEUSE - BY AJCV;FOX201;;VAPES - JNR;
JNR FOX 10K POD - TRIPLE MANGUE - BY AJCV;FOX032;;VAPES - JNR;
JNR GORILLA KIT - 43K - BLUE RAZZ CHERRY;GOR004;;VAPES - JNR;
JNR GORILLA KIT - 43K - BLUE RAZZ ICE;GOR065;;VAPES - JNR;
JNR GORILLA KIT - 43K - BLUEBERRY CHERRY CRANBERRY;GOR062;;VAPES - JNR;
JNR GORILLA KIT - 43K - BLUEBERRY SOUR RASPBERRY;GOR012;;VAPES - JNR;
JNR GORILLA KIT - 43K - FIZZY CHERRY COLA;GOR061;;VAPES - JNR;
JNR GORILLA KIT - 43K - LADY KILLA;GOR064;;VAPES - JNR;
JNR GORILLA KIT - 43K - LOVE66;GOR065;;VAPES - JNR;
JNR GORILLA KIT - 43K - MIXED BERRIES;GOR009;;VAPES - JNR;
JNR GORILLA KIT - 43K - STRAWBERRY ICE;GOR001;;VAPES - JNR;
JNR GORILLA KIT - 43K - STRAWBERRY KIWI;GOR005;;VAPES - JNR;
JNR GORILLA KIT - 43K - STRAWBERRY WATERMELON ICE;GOR007;;VAPES - JNR;
JNR GORILLA KIT - 43K - SUMMER PEACH ICE;GOR060;;VAPES - JNR;
JNR GORILLA KIT - 43K - WATERMELON ICE;GOR003;;VAPES - JNR;
JNR GORILLA KIT - 43K - WILD BERRIES ICE;GOR063;;VAPES - JNR;
JNR SHISHA PLUS - 28K - BERRY ICE - BY AJCV;SHP004;;VAPES - JNR;
JNR SHISHA PLUS - 28K - BLUEBERRY BUBBLE - BY AJCV;SHP006;;VAPES - JNR;
JNR SHISHA PLUS - 28K - DOUBLE APPLE - BY AJCV;SHP008;;VAPES - JNR;
JNR SHISHA PLUS - 28K - LADY KILLA - BY AJCV;SHP002;;VAPES - JNR;
JNR SHISHA PLUS - 28K - LUSH ICE - BY AJCV;SHP003;;VAPES - JNR;
JNR SHISHA PLUS - 28K - PEACH ICE - BY AJCV;SHP007;;VAPES - JNR;
JNR SHISHA PLUS - 28K - STRAWBERRY DRAGON FRUIT - BY AJCV;SHP005;;VAPES - JNR;
JNR SHISHA PLUS - 28K - STRAWBERRY POMEGRANATE - BY AJCV;SHP001;;VAPES - JNR;
JNR SHISHA PLUS POD - 28K - BERRY ICE - BY AJCV;SHP014;;VAPES - JNR;
JNR SHISHA PLUS POD - 28K - BLUEBERRY BUBBLE;SHP011;;VAPES - JNR;
JNR SHISHA PLUS POD - 28K - BLUEBERRY BUBBLE - BY AJCV;SHP011;;VAPES - JNR;
JNR SHISHA PLUS POD - 28K - DOUBLE APPLE;SHP009;;VAPES - JNR;
JNR SHISHA PLUS POD - 28K - DOUBLE APPLE - BY AJCV;SHP009;;VAPES - JNR;
JNR SHISHA PLUS POD - 28K - LADY KILLA - BY AJCV;SHP016;;VAPES - JNR;
JNR SHISHA PLUS POD - 28K - LUSH ICE - BY AJCV;SHP015;;VAPES - JNR;
JNR SHISHA PLUS POD - 28K - PEACH ICE;SHP010;;VAPES - JNR;
JNR SHISHA PLUS POD - 28K - PEACH ICE - BY AJCV;SHP010;;VAPES - JNR;
JNR SHISHA PLUS POD - 28K - STRAWBERRY DRAGON FRUIT - BY AJCV;SHP013;;VAPES - JNR;
JNR SHISHA PLUS POD - 28K - STRAWBERRY POMEGRANATE;SHP012;;VAPES - JNR;
JNR SHISHA PLUS POD - 28K - STRAWBERRY POMEGRANATE - BY AJCV;SHP012;;VAPES - JNR;
KAKEMONO LIQUIDEO;KAK001;;PLV;
KALOUD;KAL001;;CHICHA / ACCESSOIRES;
LAMPE 3D LEAF USB;L001;;MULTIMEDIA;
MECHE ZIPPO;AC0004;;BRIQUETS - ACCESSOIRES;
MINI ENCEINTE BLUETOOTH - COULEURS MIXTES;M001;;MULTIMEDIA;
MOBILIER TABAC;MOB002;;;
MOBILIER TABAC - PARTICIPATION FINANCIERE;MOB002;;;
MOBILIER TABAC - STANDARD (GRATUITE);MOB001;;;
MYELIQUIDE 10ML/3MG - ANANAS X6;MYE002;;ELIQUIDES - LIQUIDEO;
MYELIQUIDE 10ML/3MG - CITRON X6;MYE003;;ELIQUIDES - LIQUIDEO;
MYELIQUIDE 10ML/3MG - CLASSIC USA X6;MYE004;;ELIQUIDES - LIQUIDEO;
MYELIQUIDE 10ML/3MG - COLA FREEZE X6;MYE005;;ELIQUIDES - LIQUIDEO;
MYELIQUIDE 10ML/3MG - FRAISE AGRUMES X6;MYE006;;ELIQUIDES - LIQUIDEO;
MYELIQUIDE 10ML/3MG - FRUITS ROUGES X6;MYE033;;ELIQUIDES - LIQUIDEO;
MYELIQUIDE 10ML/3MG - MANGUE X6;MYE007;;ELIQUIDES - LIQUIDEO;
MYELIQUIDE 10ML/3MG - MELON GLACE X6;MYE008;;ELIQUIDES - LIQUIDEO;
MYELIQUIDE 10ML/3MG - MENTHE GLACIALE X6;MYE009;;ELIQUIDES - LIQUIDEO;
MYELIQUIDE 10ML/3MG - MILKSHAKE BANANE X6;MYE010;;ELIQUIDES - LIQUIDEO;
MYELIQUIDE 10ML/6MG - ANANAS X6;MYE011;;ELIQUIDES - LIQUIDEO;
MYELIQUIDE 10ML/6MG - CITRON X6;MYE012;;ELIQUIDES - LIQUIDEO;
MYELIQUIDE 10ML/6MG - CLASSIC USA X6;MYE013;;ELIQUIDES - LIQUIDEO;
MYELIQUIDE 10ML/6MG - COLA FREEZE X6;MYE014;;ELIQUIDES - LIQUIDEO;
MYELIQUIDE 10ML/6MG - FRAISE AGRUMES X6;MYE015;;ELIQUIDES - LIQUIDEO;
MYELIQUIDE 10ML/6MG - FRUITS ROUGES X6;MYE016;;ELIQUIDES - LIQUIDEO;
MYELIQUIDE 10ML/6MG - MANGUE X6;MYE017;;ELIQUIDES - LIQUIDEO;
MYELIQUIDE 10ML/6MG - MELON GLACE X6;MYE018;;ELIQUIDES - LIQUIDEO;
MYELIQUIDE 10ML/6MG - MENTHE GLACIALE X6;MYE019;;ELIQUIDES - LIQUIDEO;
MYELIQUIDE 10ML/6MG - MILKSHAKE BANANE X6;MYE020;;ELIQUIDES - LIQUIDEO;
MYELIQUIDE 50ML/0MG - CLASSIC USA;MYE029;;ELIQUIDES - LIQUIDEO;
MYELIQUIDE 50ML/0MG - FRUITS ROUGES;MYE030;;ELIQUIDES - LIQUIDEO;
MYELIQUIDE 50ML/0MG - MELON GLACE;MYE031;;ELIQUIDES - LIQUIDEO;
MYELIQUIDE 50ML/0MG - MENTHE GLACIALE;MYE032;;ELIQUIDES - LIQUIDEO;
NOTEBOOK JNR;GOO007;;PLV;
PIERRE A BRIQUET NEWPORT DISPLAY X24;NEW001;;BRIQUETS - ACCESSOIRES;
PIERRE ZIPPO;AC0003;;BRIQUETS - ACCESSOIRES;
PIPE ARC-EN-CIEL/A340777;B322;;ACCESSOIRES FUMEURS;
PIPE BLACK LEAF;P033;;ACCESSOIRES FUMEURS;
PIPE COLOREES X24;P009;;ACCESSOIRES FUMEURS;
PIPE EIGHT BALL;P008;;ACCESSOIRES FUMEURS;
PIPE EN VERRE;P030;;ACCESSOIRES FUMEURS;
PIPE EN VERRE X24/A340676;P010;;ACCESSOIRES FUMEURS;
PIPE EN VERRE X5;P012;;ACCESSOIRES FUMEURS;
PIPE GOLDEN SKULL X24/MP100;B324;;ACCESSOIRES FUMEURS;
PIPE RAINBOW X24;P008;;ACCESSOIRES FUMEURS;
PIPE REGGAE/A340778;B323;;ACCESSOIRES FUMEURS;
PIPE SWED;SWE000;;;
PLV;PLV001;;PLV;
POD;AKI100;;;
POD 1600 - 2400 ANANAS GLACE 0.9%;AKI059;;VAPES - LIQUIDEO;
POD 1600 - 2400 ANANAS GLACE 1.7%;AKI060;;VAPES - LIQUIDEO;
POD 1600 - 2400 FRUITS ROUGES 0.9%;AKI055;;VAPES - LIQUIDEO;
POD 1600 - 2400 FRUITS ROUGES 1.7%;AKI056;;VAPES - LIQUIDEO;
POD 1600 - 2400 GROSSE FRAISE 0.9%;AKI057;;VAPES - LIQUIDEO;
POD 1600 - 2400 GROSSE FRAISE 1.7%;AKI058;;VAPES - LIQUIDEO;
POD 1600 - 2400 MA CHERIE FRAMBOYANTE 0.9%;AKI100;;VAPES - LIQUIDEO;
POD 1600 - 2400 MA CHERIE FRAMBOYANTE 1.7%;AKI101;;VAPES - LIQUIDEO;
POD 1600 - 2400 MENTHE NAR NAR 0.9%;AKI061;;VAPES - LIQUIDEO;
POD 1600 - 2400 MENTHE NAR NAR 1.7%;AKI062;;VAPES - LIQUIDEO;
POD 1600 - 2400 MY CHERRY CITRONNEE 0.9%;AKI065;;VAPES - LIQUIDEO;
POD 1600 - 2400 MY CHERRY CITRONNEE 1.7%;AKI066;;VAPES - LIQUIDEO;
POD 1600 - 2400 MYRTILLE FRAMBOYANTE 0.9%;AKI063;;VAPES - LIQUIDEO;
POD 1600 - 2400 MYRTILLE FRAMBOYANTE 1.7%;AKI064;;VAPES - LIQUIDEO;
POD 1600 - 2400 MYRTILLE GRENADE 0.9%;AKI053;;VAPES - LIQUIDEO;
POD 1600 - 2400 MYRTILLE GRENADE 1.7%;AKI054;;VAPES - LIQUIDEO;
POD 1600 - 2400 PANIK NAN TROPIK 0.9%;AKI069;;VAPES - LIQUIDEO;
POD 1600 - 2400 PANIK NAN TROPIK 1.7%;AKI070;;VAPES - LIQUIDEO;
POD 1600 - 2400 PASTOUK 0.9%;AKI067;;VAPES - LIQUIDEO;
POD 1600 - 2400 PASTOUK 1.7%;AKI068;;VAPES - LIQUIDEO;
POD 1600 - 2400 POM POIRE 0.9%;AKI103;;VAPES - LIQUIDEO;
POD 1600 - 2400 POM POIRE 1.7%;AKI104;;VAPES - LIQUIDEO;
POD 1600 - 2400 POM’ GLACEE 0.9%;AKI051;;VAPES - LIQUIDEO;
POD 1600 - 2400 POM’ GLACEE 1.7%;AKI052;;VAPES - LIQUIDEO;
POD 1600 - 2400 TOP CASSIS 0.9%;AKI073;;VAPES - LIQUIDEO;
POD 1600 - 2400 TOP CASSIS 1.7%;AKI074;;VAPES - LIQUIDEO;
POD 600 / GAMME 1800 MENTHE 1.7%;WP012;;VAPES - LIQUIDEO;
POD 800 - 2400 ANANAS GLACE 0.9%;AKI035;;VAPES - LIQUIDEO;
POD 800 - 2400 ANANAS GLACE 1.7%;AKI036;;VAPES - LIQUIDEO;
POD 800 - 2400 FRUITS ROUGES 0.9%;AKI031;;VAPES - LIQUIDEO;
POD 800 - 2400 FRUITS ROUGES 1.7%;AKI032;;VAPES - LIQUIDEO;
POD 800 - 2400 GROSSE FRAISE 0.9%;AKI033;;VAPES - LIQUIDEO;
POD 800 - 2400 GROSSE FRAISE 1.7%;AKI034;;VAPES - LIQUIDEO;
POD 800 - 2400 MENTHE NAR NAR 0.9%;AKI037;;VAPES - LIQUIDEO;
POD 800 - 2400 MENTHE NAR NAR 1.7%;AKI038;;VAPES - LIQUIDEO;
POD 800 - 2400 MY CHERRY CITRONNEE 0.9%;AKI041;;VAPES - LIQUIDEO;
POD 800 - 2400 MY CHERRY CITRONNEE 1.7%;AKI042;;VAPES - LIQUIDEO;
POD 800 - 2400 MYRTILLE FRAMBOYANTE 0.9%;AKI039;;VAPES - LIQUIDEO;
POD 800 - 2400 MYRTILLE FRAMBOYANTE 1.7%;AKI040;;VAPES - LIQUIDEO;
POD 800 - 2400 MYRTILLE GRENADE 0.9%;AKI029;;VAPES - LIQUIDEO;
POD 800 - 2400 MYRTILLE GRENADE 1.7%;AKI030;;VAPES - LIQUIDEO;
POD 800 - 2400 PANIK NAN TROPIK 0.9%;AKI045;;VAPES - LIQUIDEO;
POD 800 - 2400 PANIK NAN TROPIK 1.7%;AKI046;;VAPES - LIQUIDEO;
POD 800 - 2400 PASTOUK 0.9%;AKI043;;VAPES - LIQUIDEO;
POD 800 - 2400 PASTOUK 1.7%;AKI044;;VAPES - LIQUIDEO;
POD 800 - 2400 POM’ GLACEE 0.9%;AKI027;;VAPES - LIQUIDEO;
POD 800 - 2400 POM’ GLACEE 1.7%;AKI028;;VAPES - LIQUIDEO;
POD 800 - 2400 TOP CASSIS 0.9%;AKI049;;VAPES - LIQUIDEO;
POD 800 - 2400 TOP CASSIS 1.7%;AKI050;;VAPES - LIQUIDEO;
POD X-BAR FILTER GO - BATTERIE - STONE GREY X5;XPB012;;VAPES - X-BAR;
POD X-BAR FILTER GO - BATTERIE - SUNSET X5;XPB013;;VAPES - X-BAR;
POD X-BAR FILTER GO - BLOND - 0MG X5;XPB0011;;VAPES - X-BAR;
POD X-BAR FILTER GO - BLOND - 10MG X5;XPB001;;VAPES - X-BAR;
POD X-BAR FILTER GO - BLOND - 20MG X5;XPB002;;VAPES - X-BAR;
POD X-BAR FILTER GO - FRAISE KIWI - 0MG X5;XPB0012;;VAPES - X-BAR;
POD X-BAR FILTER GO - FRAISE KIWI - 10MG X5;XPB009;;VAPES - X-BAR;
POD X-BAR FILTER GO - FRAISE KIWI - 20MG X5;XPB010;;VAPES - X-BAR;
POD X-BAR FILTER GO - FRUIT DU DRAGON - 0MG X5;XPB0013;;VAPES - X-BAR;
POD X-BAR FILTER GO - FRUIT DU DRAGON - 10MG X5;XPB003;;VAPES - X-BAR;
POD X-BAR FILTER GO - FRUIT DU DRAGON - 20MG X5;XPB004;;VAPES - X-BAR;
POD X-BAR FILTER GO - MENTHE GLACEE - 0MG X5;XPB0014;;VAPES - X-BAR;
POD X-BAR FILTER GO - MENTHE GLACEE - 10MG X5;XPB005;;VAPES - X-BAR;
POD X-BAR FILTER GO - MENTHE GLACEE - 20MG X5;XPB006;;VAPES - X-BAR;
POD X-BAR FILTER GO - MYRTILLE GLACEE - 0MG X5;XPB0015;;VAPES - X-BAR;
POD X-BAR FILTER GO - MYRTILLE GLACEE - 10MG X5;XPB007;;VAPES - X-BAR;
POD X-BAR FILTER GO - MYRTILLE GLACEE - 20MG X5;XPB008;;VAPES - X-BAR;
POD X-BAR FILTER GO - VIDE X10;XPB011;;VAPES - X-BAR;
POD X-BAR FILTER PRO - BATTERIE - BLACK;XPR001;;VAPES - X-BAR;
POD X-BAR FILTER PRO - BATTERIE - CHAMPAGNE;XPR002;;VAPES - X-BAR;
PODIBALL ICE BLAST;BI005;;BILLES;
PODIBALL MENTHE GLACIALE;BI003;;BILLES;
PODIBALL MENTHE VERTE;BI004;;BILLES;
PORTE-AFFICHE JNR;GOO006;;PLV;
PRESENTOIR JNR;GOO008;;PLV;
PRESENTOIR MYELIQUIDE;MYE001;;ELIQUIDES - LIQUIDEO;
PRESENTOIR POUR CBD;PRE002;;PLV;
PRODUIT OFFERT - CORDON POUR TELEPHONE BLEU;OFF002;;PLV;
PRODUIT OFFERT - CORDON POUR TELEPHONE JAUNE;OFF002;;PLV;
PRODUIT OFFERT - CORDON POUR TELEPHONE ROSE;OFF002;;PLV;
PRODUIT OFFERT - PRÉSENTOIR LIQUIDEO DRAGONZZ;OFF0010;;PLV;
REMISE EXCEPTIONNELLE;REM001;;;
ROLLS NOIR X24 SENSKY;ROL002;;FEUILLES / FILTRES - SENSKY;
ROLLS ORIGINAL X24 SENSKY;ROL001;;FEUILLES / FILTRES - SENSKY;
ROULEUSE AJUSTABLE RAW / 79MM;R009;;ACCESSOIRES FUMEURS;
ROULEUSE AUTOMATIQUE RAW;R008;;ACCESSOIRES FUMEURS;
ROULEUSE RAW 70MM;R011;;ACCESSOIRES FUMEURS;
SAC JNR;GOO002;;PLV;
SAMBO 33CL;BOIS001;;BOISSONS;
STYLO JNR;GOO001;;PLV;
T9000 VAP - BLACK DRAGON ICE;VAP007;;VAPES - TORNADO;
T9000 VAP - BLUEBERRY RASPBERRY;VAP005;;VAPES - TORNADO;
T9000 VAP - CHERRY ICE;VAP001;;VAPES - TORNADO;
T9000 VAP - STRAWBERRY ICE CREAM;VAP006;;VAPES - TORNADO;
TEE-SHIRT JNR;GOO004;;PLV;
TIPS BLEU X50 SENSKY;ROL006;;FEUILLES / FILTRES - SENSKY;
TIPS ORIGINAL X50 SENSKY;ROL008;;FEUILLES / FILTRES - SENSKY;
TIPS ROUGE X50 SENSKY;ROL007;;FEUILLES / FILTRES - SENSKY;
TRANSPORT DE MARCHANDISE;TRA000;;;
TUBEUSE JASS;;;ACCESSOIRES FUMEURS;
VENTILATEUR 3D JNR;V3JNR;;PLV;
WFLAVORS FRUITS ROUGES 10ML / 3MG;LIQ001;;ELIQUIDES - LIQUIDEO;
WFLAVORS FRUITS ROUGES 10ML / 6MG;LIQ002;;ELIQUIDES - LIQUIDEO;
WFLAVORS GROSSE FRAISE 10ML / 3MG;LIQ003;;ELIQUIDES - LIQUIDEO;
WFLAVORS GROSSE FRAISE 10ML / 6MG;LIQ004;;ELIQUIDES - LIQUIDEO;
WFLAVORS LITCHI GLACE 10ML / 3MG;LIQ007;;ELIQUIDES - LIQUIDEO;
WFLAVORS LITCHI GLACE 10ML / 6MG;LIQ008;;ELIQUIDES - LIQUIDEO;
WFLAVORS MARSHMALOW 10ML / 3MG;LIQ009;;ELIQUIDES - LIQUIDEO;
WFLAVORS MARSHMALOW 10ML / 6MG;LIQ010;;ELIQUIDES - LIQUIDEO;
WFLAVORS MENTHE FRAICHE 10ML / 3MG;LIQ011;;ELIQUIDES - LIQUIDEO;
WFLAVORS MENTHE FRAICHE 10ML / 6MG;LIQ012;;ELIQUIDES - LIQUIDEO;
WFLAVORS MYRTILLE GLACEE 10ML / 3MG;LIQ013;;ELIQUIDES - LIQUIDEO;
WFLAVORS MYRTILLE GLACEE 10ML / 6MG;LIQ014;;ELIQUIDES - LIQUIDEO;
WFLAVORS PASTEQUE 10ML / 3MG;LIQ015;;ELIQUIDES - LIQUIDEO;
WFLAVORS PASTEQUE 10ML / 6MG;LIQ016;;ELIQUIDES - LIQUIDEO;
WFLAVORS POMME GLACEE 10ML / 3MG;LIQ017;;ELIQUIDES - LIQUIDEO;
WFLAVORS POMME GLACEE 10ML / 6MG;LIQ018;;ELIQUIDES - LIQUIDEO;
WFLAVORS RAISIN GLACEE 10ML / 3MG;LIQ019;;ELIQUIDES - LIQUIDEO;
WFLAVORS RAISIN GLACEE 10ML / 6MG;LIQ020;;ELIQUIDES - LIQUIDEO;
WILDGRIP 12CM TECK/7049;CTX011;;COUTEAUX;
WILDGRIP COUTEAU DE POCHE AIGLE/7052;CTX008;;COUTEAUX;
WILDGRIP COUTEAU DE POCHE BULLDOG/7057;CTX007;;COUTEAUX;
WILDGRIP COUTEAU DE POCHE GORILLE/7053;CTX009;;COUTEAUX;
WILDGRIP COUTEAU DE POCHE LION/7055;CTX006;;COUTEAUX;
WILDGRIP COUTEAU DE POCHE LOUP/7051;CTX005;;COUTEAUX;
WILDGRIP COUTEAU DE POCHE NEUTRE/7050;CTX004;;COUTEAUX;
WILDGRIP COUTEAU DE POCHE RHINO/7056;CTX0101;;COUTEAUX;
WPUFF 2400 BATTERIE GRISE;AKI000;;VAPES - LIQUIDEO;
WPUFF FLAVORS - DRAGONZZ - FRUIT DU DRAGON FRUITS ROUGES 50ML X4;EL00011;;ELIQUIDES - LIQUIDEO;
WPUFF FLAVORS - DRAGONZZ - FRUIT DU DRAGON MANGUE CASSIS 50ML X4;EL00012;;ELIQUIDES - LIQUIDEO;
WPUFF FLAVORS - DRAGONZZ - FRUIT DU DRAGON MYRTILLE FRAMBOISE 50ML X4;EL00013;;ELIQUIDES - LIQUIDEO;
WPUFF FLAVORS - DRAGONZZ - FRUIT DU DRAGON PASTEQUE KIWI 50ML X4;EL00014;;ELIQUIDES - LIQUIDEO;
WPUFF FLAVORS FRUIT DU DRAGON 50ML X4;EL009;;ELIQUIDES - LIQUIDEO;
WPUFF FLAVORS FRUITS ROUGES 50ML X4;EL001;;ELIQUIDES - LIQUIDEO;
WPUFF FLAVORS GROSSE FRAISE 50ML X4;EL002;;ELIQUIDES - LIQUIDEO;
WPUFF FLAVORS LITCHI 50ML X4;EL003;;ELIQUIDES - LIQUIDEO;
WPUFF FLAVORS MARSHMALLOW 50ML X4;EL004;;ELIQUIDES - LIQUIDEO;
WPUFF FLAVORS MENTHE 50ML X4;EL005;;ELIQUIDES - LIQUIDEO;
WPUFF FLAVORS MYRTILLE GLACEE 50ML X4;EL00010;;ELIQUIDES - LIQUIDEO;
WPUFF FLAVORS PASTÈQUE 50ML X4;EL006;;ELIQUIDES - LIQUIDEO;
WPUFF FLAVORS POMME 50ML X4;EL007;;ELIQUIDES - LIQUIDEO;
WPUFF FLAVORS RAISIN 50ML X4;EL008;;ELIQUIDES - LIQUIDEO;
WPUFF FUSION 2.0 KIT - COLA 1%;FUS2001;;VAPES - LIQUIDEO;
WPUFF FUSION 2.0 KIT - COLA 2%;FUS2002;;VAPES - LIQUIDEO;
WPUFF FUSION 2.0 KIT - FRUIT DU DRAGON 1%;FUS2003;;VAPES - LIQUIDEO;
WPUFF FUSION 2.0 KIT - FRUIT DU DRAGON 2%;FUS2004;;VAPES - LIQUIDEO;
WPUFF FUSION 2.0 KIT - FRUITS ROUGES 1%;FUS2005;;VAPES - LIQUIDEO;
WPUFF FUSION 2.0 KIT - FRUITS ROUGES 2%;FUS2006;;VAPES - LIQUIDEO;
WPUFF FUSION 2.0 KIT - GROSSE FRAISE 1%;FUS2007;;VAPES - LIQUIDEO;
WPUFF FUSION 2.0 KIT - GROSSE FRAISE 2%;FUS2008;;VAPES - LIQUIDEO;
WPUFF FUSION 2.0 KIT - MENTHE NAR NAR 1%;FUS2009;;VAPES - LIQUIDEO;
WPUFF FUSION 2.0 KIT - MENTHE NAR NAR 2%;FUS2010;;VAPES - LIQUIDEO;
WPUFF FUSION 2.0 KIT - MY CHERRY AMOUR 1%;FUS2011;;VAPES - LIQUIDEO;
WPUFF FUSION 2.0 KIT - MY CHERRY AMOUR 2%;FUS2012;;VAPES - LIQUIDEO;
WPUFF FUSION 2.0 KIT - MYRTILLE FRAMBOYANTE 1%;FUS2013;;VAPES - LIQUIDEO;
WPUFF FUSION 2.0 KIT - MYRTILLE FRAMBOYANTE 2%;FUS2014;;VAPES - LIQUIDEO;
WPUFF FUSION 2.0 KIT - MYRTILLE GRENADE 1%;FUS2015;;VAPES - LIQUIDEO;
WPUFF FUSION 2.0 KIT - MYRTILLE GRENADE 2%;FUS2016;;VAPES - LIQUIDEO;
WPUFF FUSION 2.0 KIT - PASTOUK 1%;FUS2017;;VAPES - LIQUIDEO;
WPUFF FUSION 2.0 KIT - PASTOUK 2%;FUS2018;;VAPES - LIQUIDEO;
WPUFF FUSION 2.0 KIT - POMELO 1%;FUS2019;;VAPES - LIQUIDEO;
WPUFF FUSION 2.0 KIT - POMELO 2%;FUS2020;;VAPES - LIQUIDEO;
WPUFF FUSION 2.0 KIT - RAISIN GLACE 1%;FUS2021;;VAPES - LIQUIDEO;
WPUFF FUSION 2.0 KIT - RAISIN GLACE 2%;FUS2022;;VAPES - LIQUIDEO;
WPUFF FUSION 2.0 KIT - TRIPLE MELON 1%;FUS2023;;VAPES - LIQUIDEO;
WPUFF FUSION 2.0 KIT - TRIPLE MELON 2%;FUS2024;;VAPES - LIQUIDEO;
WPUFF FUSION 2.0 POD - COLA 1%;FUS2025;;VAPES - LIQUIDEO;
WPUFF FUSION 2.0 POD - COLA 2%;FUS2026;;VAPES - LIQUIDEO;
WPUFF FUSION 2.0 POD - FRUIT DU DRAGON 1%;FUS2027;;VAPES - LIQUIDEO;
WPUFF FUSION 2.0 POD - FRUIT DU DRAGON 2%;FUS2028;;VAPES - LIQUIDEO;
WPUFF FUSION 2.0 POD - FRUITS ROUGES 1%;FUS2029;;VAPES - LIQUIDEO;
WPUFF FUSION 2.0 POD - FRUITS ROUGES 2%;FUS2030;;VAPES - LIQUIDEO;
WPUFF FUSION 2.0 POD - GROSSE FRAISE 1%;FUS2031;;VAPES - LIQUIDEO;
WPUFF FUSION 2.0 POD - GROSSE FRAISE 2%;FUS2032;;VAPES - LIQUIDEO;
WPUFF FUSION 2.0 POD - MENTHE NAR NAR 1%;FUS2033;;VAPES - LIQUIDEO;
WPUFF FUSION 2.0 POD - MENTHE NAR NAR 2%;FUS2034;;VAPES - LIQUIDEO;
WPUFF FUSION 2.0 POD - MY CHERRY AMOUR 1%;FUS2035;;VAPES - LIQUIDEO;
WPUFF FUSION 2.0 POD - MY CHERRY AMOUR 2%;FUS2036;;VAPES - LIQUIDEO;
WPUFF FUSION 2.0 POD - MYRTILLE FRAMBOYANTE 1%;FUS2037;;VAPES - LIQUIDEO;
WPUFF FUSION 2.0 POD - MYRTILLE FRAMBOYANTE 2%;FUS2038;;VAPES - LIQUIDEO;
WPUFF FUSION 2.0 POD - MYRTILLE GRENADE 1%;FUS2039;;VAPES - LIQUIDEO;
WPUFF FUSION 2.0 POD - MYRTILLE GRENADE 2%;FUS2040;;VAPES - LIQUIDEO;
WPUFF FUSION 2.0 POD - PASTOUK 1%;FUS2041;;VAPES - LIQUIDEO;
WPUFF FUSION 2.0 POD - PASTOUK 2%;FUS2042;;VAPES - LIQUIDEO;
WPUFF FUSION 2.0 POD - POMELO 1%;FUS2043;;VAPES - LIQUIDEO;
WPUFF FUSION 2.0 POD - POMELO 2%;FUS2044;;VAPES - LIQUIDEO;
WPUFF FUSION 2.0 POD - RAISIN GLACE 1%;FUS2045;;VAPES - LIQUIDEO;
WPUFF FUSION 2.0 POD - RAISIN GLACE 2%;FUS2046;;VAPES - LIQUIDEO;
WPUFF FUSION 2.0 POD - TRIPLE MELON 1%;FUS2047;;VAPES - LIQUIDEO;
WPUFF FUSION 2.0 POD - TRIPLE MELON 2%;FUS2048;;VAPES - LIQUIDEO;
WPUFF FUSION 2.0 POD 10+2 - 30K - CANAILLE 2%;FUS2050;;VAPES - LIQUIDEO;
WPUFF FUSION 2.0 POD 10+2 - 30K - FREEZE DRAGON 2%;FUS2064;;VAPES - LIQUIDEO;
WPUFF FUSION 2.0 POD 10+2 - 30K - FREEZE DRAGON SERPENT 2%;FUS2052;;VAPES - LIQUIDEO;
WPUFF FUSION 2.0 POD 10+2 - 30K - FREEZY COLA 2%;FUS2058;;VAPES - LIQUIDEO;
WPUFF FUSION 2.0 POD 10+2 - 30K - FRUITS DES BOIS 2%;FUS2062;;VAPES - LIQUIDEO;
WPUFF FUSION 2.0 POD 10+2 - 30K - MARSHMALLOW 2%;FUS2054;;VAPES - LIQUIDEO;
WPUFF FUSION 2.0 POD 10+2 - 30K - MENTHE GLACIALE 2%;FUS2056;;VAPES - LIQUIDEO;
WPUFF FUSION 2.0 POD 10+2 - 30K - RAISIN GLACEE 2%;FUS2060;;VAPES - LIQUIDEO;
WPUFF FUSION FRUITS DU DRAGON 1%;FUS011;;VAPES - LIQUIDEO;
WPUFF FUSION FRUITS ROUGES 1%;FUS009;;VAPES - LIQUIDEO;
WPUFF FUSION GROSSE FRAISE 1%;FUS007;;VAPES - LIQUIDEO;
WPUFF FUSION MYRTILLE FRAMBOYANTE 1%;FUS001;;VAPES - LIQUIDEO;
WPUFF FUSION PASSION CITRONNEE 1%;FUS015;;VAPES - LIQUIDEO;
WSALT FLAVORS FRUITS ROUGES 10ML / 10MG;EL025;;ELIQUIDES - LIQUIDEO;
WSALT FLAVORS FRUITS ROUGES 10ML / 20MG;EL010;;ELIQUIDES - LIQUIDEO;
WSALT FLAVORS GROSSE FRAISE 10ML / 10MG;EL011;;ELIQUIDES - LIQUIDEO;
WSALT FLAVORS GROSSE FRAISE 10ML / 20MG;EL012;;ELIQUIDES - LIQUIDEO;
WSALT FLAVORS LITCHI 10ML / 10MG;EL013;;ELIQUIDES - LIQUIDEO;
WSALT FLAVORS LITCHI 10ML / 20MG;EL014;;ELIQUIDES - LIQUIDEO;
WSALT FLAVORS MARSHMALLOW 10ML / 10MG;EL015;;ELIQUIDES - LIQUIDEO;
WSALT FLAVORS MARSHMALLOW 10ML / 20MG;EL016;;ELIQUIDES - LIQUIDEO;
WSALT FLAVORS MENTHE 10ML / 10MG;EL017;;ELIQUIDES - LIQUIDEO;
WSALT FLAVORS MENTHE 10ML / 20MG;EL018;;ELIQUIDES - LIQUIDEO;
WSALT FLAVORS PASTEQUE 10ML / 10MG;EL019;;ELIQUIDES - LIQUIDEO;
WSALT FLAVORS PASTEQUE 10ML / 20MG;EL020;;ELIQUIDES - LIQUIDEO;
WSALT FLAVORS POMME 10ML / 10MG;EL021;;ELIQUIDES - LIQUIDEO;
WSALT FLAVORS POMME 10ML / 20MG;EL022;;ELIQUIDES - LIQUIDEO;
WSALT FLAVORS RAISIN 10ML / 10MG;EL023;;ELIQUIDES - LIQUIDEO;
WSALT FLAVORS RAISIN 10ML / 20MG;EL024;;ELIQUIDES - LIQUIDEO;
X-BAR - FILTRE - BLUE;XBF002;;VAPES - X-BAR;
X-BAR - FILTRE - ROSE;XBF003;;VAPES - X-BAR;
X-BAR - FILTRE - WHITE;XBF004;;VAPES - X-BAR;
X-BAR E-LIQUIDE CLASSIC 10ML-10MG;XBL001;;ELIQUIDES - XBAR;
X-BAR E-LIQUIDE CLASSIC 10ML-20MG;XBL002;;ELIQUIDES - XBAR;
X-BAR E-LIQUIDE COTTON CANDY 10ML-20MG;XBL004;;ELIQUIDES - XBAR;
X-BAR E-LIQUIDE FRESH BERRY 10ML-10MG;XBL005;;ELIQUIDES - XBAR;
X-BAR E-LIQUIDE FRESH BERRY 10ML-20MG;XBL006;;ELIQUIDES - XBAR;
X-BAR E-LIQUIDE GRANITE CITRON 10ML-10MG;XBL007;;ELIQUIDES - XBAR;
X-BAR E-LIQUIDE GRANITE CITRON 10ML-20MG;XBL008;;ELIQUIDES - XBAR;
X-BAR E-LIQUIDE GREEN APPLE 10ML-10MG;XBL009;;ELIQUIDES - XBAR;
X-BAR E-LIQUIDE ICE GRAPE 10ML-10MG;XBL011;;ELIQUIDES - XBAR;
X-BAR E-LIQUIDE ICE GRAPE 10ML-20MG;XBL012;;ELIQUIDES - XBAR;
X-BAR E-LIQUIDE ICE MANGO 10ML-20MG;XBL014;;ELIQUIDES - XBAR;
X-BAR E-LIQUIDE LUSH ICE 10ML-20MG;XBL016;;ELIQUIDES - XBAR;
X-BAR E-LIQUIDE MENTHE XTREME 10ML-10MG;XBL017;;ELIQUIDES - XBAR;
X-BAR E-LIQUIDE MENTHE XTREME 10ML-20MG;XBL018;;ELIQUIDES - XBAR;
X-BAR E-LIQUIDE PASTEQUE PITAYA ICE 10ML-20MG;XBL020;;ELIQUIDES - XBAR;
X-BAR E-LIQUIDE RASPBERRY 10ML-10MG;XBL021;;ELIQUIDES - XBAR;
X-BAR E-LIQUIDE RASPBERRY 10ML-20MG;XBL022;;ELIQUIDES - XBAR;
X-BAR E-LIQUIDE TROPICAL PUNCH 10ML-20MG;XBL024;;ELIQUIDES - XBAR;
X-BAR E-LIQUIDE VANILLA MACADAMIA 10ML-20MG;XBL026;;ELIQUIDES - XBAR;
X-BAR SHISHA;SHI001;;CHICHA / ACCESSOIRES;
X-BAR SHISHA POD - COLA;SHI003;;CHICHAS - GOUTS;
X-BAR SHISHA POD - DOUBLE POMME;SHI006;;CHICHAS - GOUTS;
X-BAR SHISHA POD - ENERGY DRINK;SHI007;;CHICHAS - GOUTS;
X-BAR SHISHA POD - FRUITS ROUGES;SHI009;;CHICHAS - GOUTS;
X-BAR SHISHA POD - MANGUE;SHI002;;CHICHAS - GOUTS;
X-BAR SHISHA POD - MENTHE;SHI004;;CHICHAS - GOUTS;
X-BAR SHISHA POD - MYRTILLE;SHI005;;CHICHAS - GOUTS;
X-BAR SHISHA POD - RAISIN;SHI008;;CHICHAS - GOUTS;
